,x,y,sdi_cat,Country Code,pred,ineff,year
0,1.3862943611198906,-5.068043026483382,low,SOM,-5.061552490240974,0.006468971160395743,2000
1,2.3978952727983707,-4.957222724050655,low,ETH,-4.446498125495499,0.5098961945880848,2000
2,2.4849066497880004,-5.129551074621529,low,LBR,-4.3935952245277115,0.7351043955862149,2000
3,2.5649493574615367,-4.996296902236699,low,RWA,-4.344929276839726,0.650466310625738,2000
4,2.6390573296152584,-5.072028718347566,low,MOZ,-4.299871649780602,0.7709882048161478,2000
5,2.70805020110221,-5.184009156062845,low,BFA,-4.257924004737337,0.924540285428039,2000
6,2.833213344056216,-5.0411131172743575,low,MWI,-4.181824856286096,0.858304560850389,2000
7,2.9444389791664403,-5.05404986099456,low,BDI,-4.114199712088442,0.9379027901086924,2000
8,3.091042453358316,-5.422728463551069,low,NER,-4.025064859571065,1.394964455561977,2000
9,3.1354942159291497,-4.663079387916116,low,MDG,-3.9980382067919167,0.6636955050080987,2000
10,3.1780538303479458,-4.897748124107019,low,UGA,-3.9721619795256804,0.9246955036957882,2000
11,3.2188758248682006,-4.8039999625438154,low,TGO,-3.947342224654502,0.8544222539773856,2000
12,3.258096538021482,-5.194266870217848,low,CAF,-3.9234960484206503,1.2675829207400229,2000
13,3.332204510175204,-4.558954567829109,low,ERI,-3.8784384349989547,0.6776507900155024,2000
14,3.4657359027997265,-4.948107415151148,low,BEN,-3.797251412383112,1.149264836868668,2000
15,3.4657359027997265,-5.20076099694716,low,TCD,-3.797251412383112,1.4010853315588234,2000
16,3.5263605246161616,-5.167286690238719,low,GIN,-3.7603916732175056,1.4044587476160013,2000
17,3.58351893845611,-4.5919355026491555,medium,GHA,-3.725639387935707,0.8654026472373022,2000
18,3.58351893845611,-5.275369952088124,low,MLI,-3.725639387935707,1.547262983093299,2000
19,3.6109179126442243,-5.201311095694141,medium,NGA,-3.7089808266170663,1.4913351319892383,2000
20,3.6109179126442243,-4.588485039893813,low,SDN,-3.7089808266170663,0.8777555710999818,2000
21,3.6109179126442243,-5.33904598550893,low,SLE,-3.7089808266170663,1.6278933752629736,2000
22,3.6888794541139363,-4.43229209101684,medium,KEN,-3.6615802537733853,0.769280782593094,2000
23,3.7612001156935624,-5.100967821067921,low,GNB,-3.617609335170542,1.480031199558955,2000
24,3.871201010907891,-4.750514215139185,low,SEN,-3.550728862360289,1.1986090729032228,2000
25,3.871201010907891,-4.924540972846079,medium,ZMB,-3.550728862360289,1.371533204087697,2000
26,3.970291913552122,-4.574012745104446,medium,LSO,-3.490481663815134,1.0813690777882066,2000
27,3.9889840465642745,-4.881273459627222,medium,CMR,-3.4791168608730523,1.3998833295684734,2000
28,4.07753744390572,-5.120124098631197,low,AGO,-3.425276464392307,1.6922735303175773,2000
29,4.110873864173311,-4.516851649583176,medium,MRT,-3.4050079482742053,1.1095159471580387,2000
30,4.31748811353631,-4.58711375540263,medium,DJI,-3.279386673141749,1.3016950506856109,2000
31,4.465908118654584,-3.886883868660691,medium,MAR,-3.189147467318496,0.6950453072243673,2000
32,4.499809670330265,-4.608047313085658,medium,COM,-3.1685353626411423,1.4345319537703953,2000
33,4.634728988229636,-3.7036079799028685,high,DZA,-3.086504582648608,0.6157372008789062,2000
34,4.912654885736052,-3.3686638937603393,high,TUN,-2.9182219678589045,0.44863777085711565,2000
35,4.990432586778736,-2.854767780905005,high,MUS,-2.8720730651048325,0.0,2000
36,4.997212273764115,-4.335869077152633,high,ZWE,-2.868086863250138,1.4653150184308201,2000
37,5.303304908059076,-4.800282976690278,medium,GNQ,-2.6972878446690753,2.093229603603531,2000
38,5.605802066295998,-4.316286912382984,high,BWA,-2.5554455174337454,1.7554146790584997,2000
39,5.7430031878094825,-4.216808580520135,high,GAB,-2.50364367897265,1.7059670043844097,2000
40,5.8805329864007,-4.183094711393076,high,NAM,-2.461361019787163,1.7169765776580599,2000
41,6.037870919922137,-4.334055631150736,high,ZAF,-2.426478185983102,1.9038749024951676,2000
42,6.278521424165844,-2.5783412839769366,high,SYC,-2.405191810150305,0.17259087935514864,2000
43,1.3862943611198906,-5.013736234540229,low,SOM,-5.010717827858255,0.0030080210748305762,2002
44,2.302585092994046,-4.965551404199277,low,LBR,-4.462707808398305,0.5022338332873214,2002
45,2.4849066497880004,-4.8681635448419,low,ETH,-4.35366617794431,0.5135705798506394,2002
46,2.6390573296152584,-4.946392110675541,low,MWI,-4.261472806895073,0.6840126826276823,2002
47,2.772588722239781,-4.877648126687655,low,RWA,-4.18161128488063,0.6949227114872616,2002
48,2.772588722239781,-5.141180352058896,low,BFA,-4.18161128488063,0.9578867319672484,2002
49,2.772588722239781,-4.996256276403682,low,MOZ,-4.18161128488063,0.8133891292540528,2002
50,2.8903717578961645,-4.984496766507767,low,BDI,-4.111168435562216,0.871237332497609,2002
51,2.995732273553991,-4.601263484758696,low,MDG,-4.048155163116677,0.551776541264182,2002
52,3.091042453358316,-4.760298810328838,medium,TGO,-3.9911527267668228,0.767036332195718,2002
53,3.1780538303479458,-4.824054559869734,low,UGA,-3.939113581009173,0.8840843534066533,2002
54,3.1780538303479458,-5.344833666494208,low,NER,-3.939113581009173,1.402615956206297,2002
55,3.2188758248682006,-4.491129170233986,low,ERI,-3.9146990531903345,0.5735944909772435,2002
56,3.367295829986474,-5.176774723666879,low,CAF,-3.825933076119969,1.3474558884360883,2002
57,3.4339872044851463,-4.900265125127371,low,BEN,-3.786046776604585,1.1125958177784236,2002
58,3.5263605246161616,-5.183576161704861,low,TCD,-3.7308008049249355,1.4500525007773843,2002
59,3.58351893845611,-5.109137156875469,low,GIN,-3.6966159126181286,1.4097112829350822,2002
60,3.58351893845611,-4.556317342854374,medium,GHA,-3.6966159126181286,0.8586858872062653,2002
61,3.58351893845611,-5.222463100510329,low,MLI,-3.6966159126181286,1.5234867964692378,2002
62,3.6109179126442243,-5.034836559979341,low,GNB,-3.6802293319023187,1.351138566824813,2002
63,3.6109179126442243,-4.510745269222788,medium,SDN,-3.6802293319023187,0.8287862804372245,2002
64,3.6635616461296463,-4.365380058554658,medium,KEN,-3.6487445484294576,0.7152941561497248,2002
65,3.6888794541139363,-5.169901916572437,medium,NGA,-3.6336026572183306,1.5352888300979382,2002
66,3.713572066704308,-5.296716165309265,low,SLE,-3.618834678548736,1.675564274151682,2002
67,3.9318256327243257,-4.655276531230127,low,SEN,-3.488303178266963,1.1657321108184573,2002
68,3.970291913552122,-4.860336174147071,medium,ZMB,-3.4652975476584262,1.3921537960569528,2002
69,3.970291913552122,-4.852619574616953,medium,CMR,-3.4652975476584262,1.384825782193203,2002
70,4.060443010546419,-4.595507148862128,medium,LSO,-3.411380644465011,1.1815516114390423,2002
71,4.143134726391533,-4.464283650495073,medium,MRT,-3.3619249961969517,1.0999103082647097,2002
72,4.219507705176107,-4.522638074819267,medium,DJI,-3.3162484142730397,1.2004467576151099,2002
73,4.2626798770413155,-5.0433629859569,low,AGO,-3.290428324800013,1.7501671170388753,2002
74,4.584967478670572,-4.55403684722801,medium,COM,-3.0976770003450538,1.4504766616692313,2002
75,4.605170185988092,-3.8083402593053326,medium,MAR,-3.0855943204283305,0.7194764072795694,2002
76,4.762173934797756,-3.621746236327238,high,DZA,-2.9917214040196067,0.6286399348765994,2002
77,4.976733742420574,-4.346381373965679,high,ZWE,-2.8652281886915056,1.4787438362976284,2002
78,5.017279836814924,-3.2754423413492413,high,TUN,-2.841894270397966,0.4314919116599109,2002
79,5.135798437050262,-2.7586185294320273,high,MUS,-2.775300373128934,0.0,2002
80,5.442417710521793,-4.611796821261654,medium,GNQ,-2.619110077970433,1.9820661849253192,2002
81,5.765191102784844,-4.30796143852833,high,BWA,-2.4921499564804934,1.8096087899284135,2002
82,5.802118375377063,-4.1751059654182825,high,GAB,-2.480795075335411,1.687420002975686,2002
83,5.921578419643816,-4.193457245761201,high,NAM,-2.4492498747801568,1.7390344054962257,2002
84,6.008813185442595,-4.361907495293036,high,ZAF,-2.431579195268079,1.9255101733704945,2002
85,6.257667587882639,-2.6182643606640545,high,SYC,-2.4091591886155483,0.2084473492120802,2002
86,1.3862943611198906,-4.98496624494683,low,SOM,-4.985955886716809,0.0,2003
87,2.302585092994046,-4.896724088223754,low,LBR,-4.441010885614473,0.45511876092762216,2003
88,2.5649493574615367,-4.8281388500104105,low,ETH,-4.284975475238049,0.5421584309638405,2003
89,2.772588722239781,-4.895238082596654,low,MWI,-4.16148652654289,0.7327661712961346,2003
90,2.833213344056216,-4.957891973490039,low,MOZ,-4.125431368309544,0.831053212800216,2003
91,2.8903717578961645,-5.117847646046349,low,BFA,-4.091437662016757,1.0245355951148287,2003
92,2.9444389791664403,-4.810027771453475,low,RWA,-4.059282375236615,0.7493862285006619,2003
93,3.044522437723423,-4.941696171164825,low,BDI,-3.999759948723884,0.9396649974172517,2003
94,3.1780538303479458,-4.570260564311573,low,MDG,-3.920345105402404,0.6482721445328383,2003
95,3.2188758248682006,-4.735028079569486,medium,TGO,-3.8960671274454968,0.8367200384465273,2003
96,3.2188758248682006,-5.170124612286088,low,CAF,-3.8960671274454968,1.2706898509442892,2003
97,3.258096538021482,-5.309852782074636,low,NER,-3.8727414764706776,1.4337116993498302,2003
98,3.295836866004329,-4.458208981502574,low,ERI,-3.8502962521132194,0.6048747177249505,2003
99,3.4011973816621555,-4.778321347949691,low,UGA,-3.7876354201614957,0.9895594388750322,2003
100,3.4657359027997265,-4.877374173516382,low,BEN,-3.749252566127738,1.1265398362330288,2003
101,3.5553480614894135,-5.078768010867295,low,GIN,-3.695957723971747,1.3800069244596702,2003
102,3.58351893845611,-5.172075126244522,low,TCD,-3.679203720661616,1.489804090981187,2003
103,3.6888794541139363,-4.9990967672605855,low,GNB,-3.6165428962536152,1.3789753368271775,2003
104,3.6888794541139363,-4.4714726538488785,medium,SDN,-3.6165428962536152,0.8530376939217632,2003
105,3.713572066704308,-4.538219787945717,medium,GHA,-3.601857514302855,0.9351131652761876,2003
106,3.7376696182833684,-5.196811379308304,low,MLI,-3.5875260318163016,1.6067864370021392,2003
107,3.7376696182833684,-4.329285305547781,medium,KEN,-3.5875260318163016,0.7402665238892693,2003
108,3.7376696182833684,-5.268488347051098,low,SLE,-3.5875260318163016,1.678548807642501,2003
109,3.9889840465642745,-5.150742249411373,medium,NGA,-3.4380623792562806,1.71150085424716,2003
110,3.9889840465642745,-4.833009542730169,medium,CMR,-3.4380623792562806,1.3921020301642024,2003
111,4.060443010546419,-4.823727717570603,medium,ZMB,-3.395563757460447,1.4252806813025305,2003
112,4.0943445622221,-4.603133102541775,low,SEN,-3.3754015678699063,1.226495189116402,2003
113,4.110873864173311,-4.600602982172784,medium,LSO,-3.3655711353855295,1.2321506537573288,2003
114,4.204692619390966,-4.436761392302704,medium,MRT,-3.3097745317862586,1.1244518099546623,2003
115,4.219507705176107,-4.485791315163846,medium,DJI,-3.3009635915880327,1.1783282441762306,2003
116,4.343805421853684,-5.001066754618151,low,AGO,-3.227040313880327,1.7715147574398968,2003
117,4.564348191467836,-4.526172962438853,medium,COM,-3.0958774655987975,1.4244352098789224,2003
118,4.653960350157523,-3.766258717967936,medium,MAR,-3.042583549710745,0.7202156124739685,2003
119,4.770684624465665,-3.58832603251004,high,DZA,-2.9733858345497812,0.6134363924310994,2003
120,4.955827057601261,-4.354262709176917,high,ZWE,-2.865880838070383,1.485857517432403,2003
121,5.062595033026967,-3.225514778167275,high,TUN,-2.806200414591862,0.41731148048173944,2003
122,5.209486152841421,-2.7079401950517665,high,MUS,-2.7282202155899897,0.0,2003
123,5.529429087511423,-4.548428751082695,medium,GNQ,-2.5820438329797897,1.9554049736319252,2003
124,5.749392985908253,-4.154638839284637,high,GAB,-2.5071512474931175,1.6406389296390664,2003
125,5.793013608384144,-4.292606149019995,high,BWA,-2.495336339601124,1.7906377826024185,2003
126,5.961005339623274,-4.190716587160196,high,NAM,-2.4605002440628008,1.7250757234545269,2003
127,6.016157159698354,-4.368554453504989,high,ZAF,-2.4530288309189583,1.9099030795449494,2003
128,6.175867270105761,-2.630445280720323,high,SYC,-2.443542138706099,0.18633455221550377,2003
129,1.3862943611198906,-4.957423971995319,low,SOM,-4.963662937994217,0.0,2004
130,2.5649493574615367,-4.784661065191807,low,ETH,-4.281654121214573,0.5020179500065214,2004
131,2.70805020110221,-4.825955101907461,low,LBR,-4.198851385301678,0.6262731374558207,2004
132,2.9444389791664403,-4.842779631891998,low,MWI,-4.062069276999521,0.779549950376103,2004
133,2.9444389791664403,-4.919239782636209,low,MOZ,-4.062069276999521,0.855603885080652,2004
134,3.044522437723423,-5.0929809970699464,low,BFA,-4.004157791390543,1.0866018813286402,2004
135,3.1354942159291497,-4.427421816215493,low,ERI,-3.9515186169283663,0.4734642295373259,2004
136,3.1780538303479458,-4.89484242424549,low,BDI,-3.926892266236531,0.9655661812930427,2004
137,3.258096538021482,-4.735389217546745,low,RWA,-3.8805770030261995,0.8531966743311137,2004
138,3.258096538021482,-4.709305148962927,medium,TGO,-3.8805770030261995,0.8263414261232507,2004
139,3.258096538021482,-5.162264139627862,low,CAF,-3.8805770030261995,1.2781897205000234,2004
140,3.258096538021482,-5.238520938559397,low,NER,-3.8805770030261995,1.3542819924246057,2004
141,3.332204510175204,-4.539910679669824,low,MDG,-3.83769576831416,0.700371838724747,2004
142,3.4965075614664802,-5.050859151368087,low,GIN,-3.742624790524858,1.3053166916638848,2004
143,3.5263605246161616,-4.742524371171351,low,UGA,-3.7253509160419487,1.0159894575825288,2004
144,3.5263605246161616,-4.8540737293088245,low,BEN,-3.7253509160419487,1.1270083099722719,2004
145,3.6109179126442243,-5.146366544425186,low,TCD,-3.6764233216357556,1.4667091313356555,2004
146,3.7376696182833684,-5.171816561322643,low,MLI,-3.6030807561699287,1.5662237779929193,2004
147,3.7376696182833684,-5.239936657774601,low,SLE,-3.6030807561699287,1.6343851515468342,2004
148,3.8066624897703196,-4.290634028646833,medium,KEN,-3.5631592895971878,0.7259685641495396,2004
149,3.828641396489095,-4.430187100624998,medium,SDN,-3.550441596400476,0.8777208666154432,2004
150,3.8501476017100584,-4.9580007989465384,low,GNB,-3.537997423417378,1.4161541958498391,2004
151,3.871201010907891,-4.517961414972088,medium,GHA,-3.525815252701329,0.9909085461167206,2004
152,4.007333185232471,-4.812045012331294,medium,CMR,-3.4470448591243668,1.3619410855608636,2004
153,4.060443010546419,-4.781507011617629,medium,ZMB,-3.416313831123811,1.3622893062235968,2004
154,4.0943445622221,-5.12626961105732,medium,NGA,-3.3966973193677235,1.7283540665393953,2004
155,4.0943445622221,-4.608547885134292,medium,LSO,-3.3966973193677235,1.2087116779404719,2004
156,4.127134385045092,-4.406371747868941,medium,MRT,-3.3777240894420886,1.0262320952329969,2004
157,4.127134385045092,-4.551936694846021,low,SEN,-3.3777240894420886,1.173035740318215,2004
158,4.30406509320417,-4.4494896331683655,medium,DJI,-3.2753463835287473,1.1672144816535306,2004
159,4.356708826689592,-4.954541478076779,low,AGO,-3.24488505537057,1.7072287832028863,2004
160,4.477336814478207,-4.499629798598759,medium,COM,-3.175085891855865,1.3191247722778758,2004
161,4.718498871295094,-3.7188806827423364,medium,MAR,-3.0359414550628903,0.6792137618555449,2004
162,4.770684624465665,-3.5510714153752105,high,DZA,-3.006235152541577,0.5434709273601189,2004
163,5.003946305945459,-4.364563144212766,high,ZWE,-2.8780001506653123,1.4843495377632885,2004
164,5.099866427824199,-3.1634671687207767,high,TUN,-2.8283926300315834,0.3334733858803246,2004
165,5.272999558563747,-2.7291213698645627,high,MUS,-2.7453425123669906,0.0,2004
166,5.5254529391317835,-4.486745538292718,high,GNQ,-2.6437164327317797,1.8324080699895473,2004
167,5.736572297479192,-4.134818496176304,high,GAB,-2.5814767382938957,1.5468915745611487,2004
168,5.780743515792329,-4.251186203876016,high,BWA,-2.5715358738260057,1.6733624114035408,2004
169,5.978885764901122,-4.171874808614127,high,NAM,-2.541812170316201,1.6249444924668546,2004
170,6.013715156042802,-4.369607320763935,high,ZAF,-2.5392809802969034,1.824693939274272,2004
171,6.063785208687608,-2.6290438617689924,high,SYC,-2.5371500535112266,0.09160749429475913,2004
172,1.3862943611198906,-4.928993330516657,low,SOM,-4.936565645229711,0.0,2005
173,2.6390573296152584,-4.736547080597682,low,ETH,-4.233819941587003,0.5016369467927502,2005
174,2.8903717578961645,-4.750774506646823,low,LBR,-4.092843714030056,0.6569220551914425,2005
175,2.9444389791664403,-4.879469474629313,low,MOZ,-4.062514408128596,0.8152563767157999,2005
176,2.995732273553991,-4.793842831851378,low,MWI,-4.033741152548596,0.7589745074940477,2005
177,3.091042453358316,-4.400447351689378,low,ERI,-3.9802763846634437,0.41779589164416336,2005
178,3.1354942159291497,-5.06492741849498,low,BFA,-3.955340925418872,1.1071059769393714,2005
179,3.2188758248682006,-4.844640881116014,low,BDI,-3.908567557172169,0.9335628227208842,2005
180,3.258096538021482,-4.5086956285591695,medium,MDG,-3.8865664847731907,0.6203804889727587,2005
181,3.258096538021482,-4.684030524168999,medium,TGO,-3.8865664847731907,0.7950984455802553,2005
182,3.258096538021482,-5.2009172272991435,low,NER,-3.8865664847731907,1.3102832968545075,2005
183,3.332204510175204,-5.152749719386276,low,CAF,-3.8449952155969727,1.303880496059443,2005
184,3.367295829986474,-4.65424173913536,medium,RWA,-3.825310549737005,0.8272674659353426,2005
185,3.4339872044851463,-5.024182975102376,low,GIN,-3.7878996628738992,1.2333667055821211,2005
186,3.5263605246161616,-4.830776558068004,low,BEN,-3.7360823515643253,1.0929347434102152,2005
187,3.6109179126442243,-4.6951938074439346,low,UGA,-3.688649431234943,1.0053059272245588,2005
188,3.6109179126442243,-5.117227141354078,low,TCD,-3.688649431234943,1.4251721600611373,2005
189,3.7612001156935624,-5.145316199111514,low,MLI,-3.6043478277223797,1.5383787465324879,2005
190,3.784189633918261,-5.210165386590815,low,SLE,-3.5914517353279556,1.616016690574019,2005
191,3.828641396489095,-4.913985551478156,low,GNB,-3.5665162833153286,1.343414117472563,2005
192,3.8501476017100584,-4.2521139295520065,medium,KEN,-3.554452263595665,0.6959943771484828,2005
193,3.9318256327243257,-4.496858954580568,medium,GHA,-3.508634540600955,0.9869701094476542,2005
194,3.970291913552122,-4.389168086197686,medium,SDN,-3.48705667775803,0.8999468277237165,2005
195,3.970291913552122,-4.787733088655788,medium,CMR,-3.48705667775803,1.2974205362555002,2005
196,4.04305126783455,-4.373033858094253,medium,MRT,-3.4462419357966874,0.9246723627325489,2005
197,4.0943445622221,-4.738737222977346,medium,ZMB,-3.4174686937348477,1.3184779380190714,2005
198,4.0943445622221,-4.498919351892177,low,SEN,-3.4174686937348477,1.0803197338055357,2005
199,4.127134385045092,-4.6105412957184795,medium,LSO,-3.399075071304265,1.208090262202682,2005
200,4.204692619390966,-5.099611450198215,medium,NGA,-3.3555683756936086,1.7427293171529312,2005
201,4.356708826689592,-4.901551552121773,medium,AGO,-3.2702940970941574,1.6288973985585922,2005
202,4.382026634673881,-4.41360930983238,medium,DJI,-3.2560919422473775,1.1508982965378254,2005
203,4.430816798843313,-4.471175817635415,medium,COM,-3.228722848767588,1.2370322247586096,2005
204,4.7535901911063645,-3.5123443136753725,high,DZA,-3.0480399008209784,0.4631499211626799,2005
205,4.867534450455582,-3.6715832331555087,medium,MAR,-2.9853737917886365,0.6821392892320236,2005
206,5.043425116919247,-4.370558311628329,medium,ZWE,-2.891689610038136,1.4764000315569343,2005
207,5.135798437050262,-3.113153199212017,high,TUN,-2.8445692312601123,0.2671995799855902,2005
208,5.327876168789581,-2.73477190815887,high,MUS,-2.7527613621172966,0.0,2005
209,5.634789603169249,-4.444847818750692,high,GNQ,-2.6290780511336376,1.8046160578613424,2005
210,5.683579767338681,-4.182525281653183,high,BWA,-2.612623411946249,1.5633571744607455,2005
211,5.723585101952381,-4.11340856713071,high,GAB,-2.599876628563785,1.507071507618999,2005
212,5.968707559985366,-4.146685699930038,high,NAM,-2.5379063683342604,1.6032738020004578,2005
213,6.063785208687608,-4.355114453788235,high,ZAF,-2.522110998905592,1.8268889010779095,2005
214,6.095824562432225,-2.6216783286768495,high,SYC,-2.5179215906617647,0.10344093218863239,2005
215,1.3862943611198906,-4.905256563457723,low,SOM,-4.914059501738961,0.0,2006
216,2.772588722239781,-4.372985171050738,medium,ERI,-4.1565550701757,0.2151611531380698,2006
217,2.772588722239781,-4.68758745369957,low,ETH,-4.1565550701757,0.5298136473718134,2006
218,2.995732273553991,-4.679623214317369,low,LBR,-4.034624319027829,0.6439752165215918,2006
219,3.044522437723423,-4.830797298708951,low,MOZ,-4.0079642569401726,0.8210869646200947,2006
220,3.1780538303479458,-5.0343182784843705,low,BFA,-3.93499965133375,1.096611163800806,2006
221,3.2188758248682006,-4.482040100305226,medium,MDG,-3.9126935810417507,0.567713233457167,2006
222,3.258096538021482,-4.747529352654382,low,MWI,-3.8912624878025253,0.8548540866116395,2006
223,3.258096538021482,-4.655699399039832,medium,TGO,-3.8912624878025253,0.7621224890833036,2006
224,3.332204510175204,-4.791541332115626,low,BDI,-3.8507682005363093,0.9379779329582064,2006
225,3.332204510175204,-5.139501718489885,low,CAF,-3.8507682005363093,1.2847761649694438,2006
226,3.367295829986474,-5.133624015885584,low,NER,-3.831593502964311,1.2980752631504338,2006
227,3.4657359027997265,-4.9982328271466345,low,GIN,-3.777803603251995,1.2175726327494438,2006
228,3.4657359027997265,-4.808216861119163,low,BEN,-3.777803603251995,1.0286390396314444,2006
229,3.5263605246161616,-4.561148943911827,medium,RWA,-3.7446769290622948,0.8145181514092372,2006
230,3.58351893845611,-5.092979701594479,low,TCD,-3.713444270642333,1.376064305142633,2006
231,3.6635616461296463,-4.642059298456451,low,UGA,-3.6697071144543525,0.9711257475281008,2006
232,3.7612001156935624,-5.177815395434372,low,SLE,-3.616355235813503,1.558630898859719,2006
233,3.784189633918261,-5.12053885846298,low,MLI,-3.6037932409498548,1.5140330224779532,2006
234,3.871201010907891,-4.86738170802182,low,GNB,-3.556248249675037,1.306972333121961,2006
235,3.912023005428146,-4.689206398227644,medium,ZMB,-3.533942185994876,1.152598026187466,2006
236,3.970291913552122,-4.758444227394432,medium,CMR,-3.5021027337509616,1.2528972710772677,2006
237,3.9889840465642745,-4.214211306929618,medium,KEN,-3.4918889287438764,0.7204575568385467,2006
238,4.007333185232471,-4.471214874951426,high,GHA,-3.481862543706351,0.9879455140383728,2006
239,4.060443010546419,-4.347630525379912,medium,SDN,-3.45284213253706,0.8925469217926696,2006
240,4.060443010546419,-4.330288794121905,medium,MRT,-3.45284213253706,0.8754351121062574,2006
241,4.127134385045092,-4.4470502959244556,low,SEN,-3.416400456410245,1.0293360588108467,2006
242,4.143134726391533,-5.072960467586086,medium,NGA,-3.4076575080177074,1.664010651040662,2006
243,4.248495242049359,-4.605035066859913,medium,LSO,-3.350086141049375,1.2511615492592645,2006
244,4.3694478524670215,-4.841968556473682,medium,AGO,-3.2839949048897124,1.5553878755550987,2006
245,4.418840607796598,-4.376205650571034,medium,DJI,-3.2570055897967762,1.1127578415752597,2006
246,4.430816798843313,-4.438618169812901,medium,COM,-3.250461529105229,1.183185514509681,2006
247,4.812184355372417,-3.6181381353406357,high,MAR,-3.042387239539523,0.5720294139721186,2006
248,4.8283137373023015,-3.473209685626939,high,DZA,-3.0336674410700795,0.43853875882240523,2006
249,4.955827057601261,-4.369690000362043,medium,ZWE,-2.9654455251048684,1.401879036378999,2006
250,5.19295685089021,-3.065518470275247,high,TUN,-2.843802593729027,0.22054079854553038,2006
251,5.393627546352362,-2.7376600052793796,high,MUS,-2.748971782752132,0.0,2006
252,5.697093486505405,-4.377125481118796,high,GNQ,-2.6260776950463347,1.7392234233902995,2006
253,5.723585101952381,-4.089215413935295,high,GAB,-2.616783024893301,1.466100743390143,2006
254,5.7430031878094825,-4.126766252776593,high,BWA,-2.610133891803753,1.5098371489704412,2006
255,6.023447592961033,-4.119897828733856,high,NAM,-2.5310997260742947,1.583143370847013,2006
256,6.102558594613569,-4.311825122360498,high,ZAF,-2.515161224002093,1.7904982144970445,2006
257,6.180016653652572,-2.6154167955390077,high,SYC,-2.502564575076696,0.11249501060336072,2006
258,1.3862943611198906,-4.885530129461475,low,SOM,-4.890685499533708,0.0,2007
259,2.833213344056216,-4.342635464993712,medium,ERI,-4.1366681182647635,0.20469027430902087,2007
260,2.9444389791664403,-4.637297008429733,low,ETH,-4.078706411350422,0.5573038466950082,2007
261,3.091042453358316,-4.611150408757369,low,LBR,-4.002308673017214,0.6076421444207343,2007
262,3.2188758248682006,-5.006590565197696,low,BFA,-3.9356923809823323,1.0679368552530792,2007
263,3.2188758248682006,-5.1260511449950865,low,CAF,-3.9356923809823323,1.1862746553097325,2007
264,3.2188758248682006,-4.455575518423947,medium,MDG,-3.9356923809823323,0.5182348490693163,2007
265,3.258096538021482,-4.7834474004437855,low,MOZ,-3.9152537556486777,0.8661398649734375,2007
266,3.295836866004329,-4.62745376259463,medium,TGO,-3.89558658622742,0.7297138167933248,2007
267,3.295836866004329,-4.73785227305473,low,BDI,-3.89558658622742,0.8396913532617768,2007
268,3.295836866004329,-4.970042266416648,low,GIN,-3.89558658622742,1.071734279716943,2007
269,3.332204510175204,-5.094601071842146,low,NER,-3.8766347475520284,1.214163077578162,2007
270,3.4657359027997265,-4.787494084445971,low,BEN,-3.8070491207883483,0.9787081960465437,2007
271,3.4657359027997265,-4.698170044508815,low,MWI,-3.8070491207883483,0.8894831347174429,2007
272,3.5553480614894135,-5.0685158815505,low,TCD,-3.760350604547068,1.3047217684289067,2007
273,3.58351893845611,-4.488208806429864,medium,RWA,-3.745670251584757,0.7404575936482976,2007
274,3.7376696182833684,-4.592549721899895,low,UGA,-3.665339550707912,0.9258807656532532,2007
275,3.7376696182833684,-5.142684707465123,low,SLE,-3.665339550707912,1.4747818787462663,2007
276,3.7612001156935624,-5.095925863011242,low,MLI,-3.6530773844291047,1.4402819831834193,2007
277,3.9512437185814275,-4.730385577577113,medium,CMR,-3.5540422431089915,1.1729964106515391,2007
278,3.970291913552122,-4.636343606362043,medium,ZMB,-3.5441158864530315,1.0895880571857781,2007
279,3.9889840465642745,-4.817463194499915,low,GNB,-3.5343750801742284,1.2788574393524659,2007
280,4.007333185232471,-4.394339617809298,medium,SEN,-3.5248130144990077,0.8683888781789134,2007
281,4.04305126783455,-4.167948136950731,medium,KEN,-3.506199680483075,0.6600846598761165,2007
282,4.0943445622221,-4.2877653770582835,medium,MRT,-3.479469824611752,0.8063872215549636,2007
283,4.127134385045092,-4.442517906423121,high,GHA,-3.462382460082229,0.9785477647975844,2007
284,4.1588830833596715,-4.304143468511123,medium,SDN,-3.445837644476149,0.8559503675422528,2007
285,4.248495242049359,-5.043412678132207,medium,NGA,-3.39913914427764,1.6428017488582105,2007
286,4.356708826689592,-4.4057263032389455,medium,COM,-3.342747110951911,1.0584273790120362,2007
287,4.418840607796598,-4.614538436574317,medium,LSO,-3.3103691306616763,1.3001159752970335,2007
288,4.477336814478207,-4.340978234317426,medium,DJI,-3.27988571410416,1.0546786450216865,2007
289,4.5217885770490405,-4.7787278266105675,medium,AGO,-3.2567211085028314,1.5194233678776443,2007
290,4.897839799950911,-3.5557431262981773,high,MAR,-3.061183899159458,0.4912296813072893,2007
291,4.919980925828125,-4.355909071072871,medium,ZWE,-3.049762292340637,1.3039417029726823,2007
292,4.948759890378168,-3.4307450187928263,high,DZA,-3.034945685513255,0.3950288820890029,2007
293,5.241747015059643,-3.0209535756317356,high,TUN,-2.8867205379725713,0.13346757006527993,2007
294,5.459585514144159,-2.7737200820108954,high,MUS,-2.780974658826717,0.0,2007
295,5.68697535633982,-4.053961134711718,high,GAB,-2.676358425412606,1.3713201537865496,2007
296,5.697093486505405,-4.325029366672775,high,GNQ,-2.6718652080828416,1.6415387165316448,2007
297,5.831882477283517,-4.086480168787986,high,BWA,-2.6134904901738363,1.4659857387825808,2007
298,6.059123195581797,-4.0842145598956465,high,NAM,-2.522017521204318,1.5561233942025525,2007
299,6.144185634125646,-4.260780595674549,high,ZAF,-2.490289380256172,1.7642778376414823,2007
300,6.175867270105761,-2.6126337089802645,high,SYC,-2.478851096305887,0.13335957355193592,2007
301,1.6094379124341003,-4.8655992715117655,low,SOM,-4.866448990197518,0.0,2008
302,2.8903717578961645,-4.3158902242576005,medium,ERI,-4.179312536079093,0.13567070892954508,2008
303,2.9444389791664403,-4.585231239800914,low,ETH,-4.150310634054376,0.4337980918955613,2008
304,3.2188758248682006,-4.429032255110948,medium,MDG,-4.003102248816689,0.42455376727484195,2008
305,3.295836866004329,-4.9793248034106,low,BFA,-3.9618203912655003,1.014442737909288,2008
306,3.4011973816621555,-4.597545773887518,medium,TGO,-3.90530518834132,0.6900114288573851,2008
307,3.4011973816621555,-4.686927115850547,low,BDI,-3.90530518834132,0.7791822739529722,2008
308,3.4011973816621555,-4.941146128046958,low,GIN,-3.90530518834132,1.0331650883314187,2008
309,3.4339872044851463,-5.021550294819322,low,NER,-3.887716810340715,1.1300218808825162,2008
310,3.4339872044851463,-4.745524118320004,low,MOZ,-3.887716810340715,0.8554409472029294,2008
311,3.4657359027997265,-5.109858637781105,low,CAF,-3.8706869015022902,1.2348968766977293,2008
312,3.4965075614664802,-4.767374593028864,low,BEN,-3.85418108576104,0.9115335037314138,2008
313,3.5263605246161616,-4.559503851577955,low,LBR,-3.8381680664822233,0.7197944298511264,2008
314,3.5553480614894135,-5.044940490740789,low,TCD,-3.8226192692915446,1.2188671569076073,2008
315,3.6109179126442243,-4.6471955777353635,low,MWI,-3.7928118559748953,0.8525945058373147,2008
316,3.7376696182833684,-4.547358185665846,low,UGA,-3.72482296840207,0.8212631883260924,2008
317,3.7376696182833684,-5.071283783863143,low,MLI,-3.72482296840207,1.3439947063230453,2008
318,3.871201010907891,-4.435848558755999,medium,RWA,-3.6531977183041886,0.7805415086878975,2008
319,3.8918202981106265,-5.106349792152939,low,SLE,-3.6421377059596574,1.461516684414711,2008
320,3.9512437185814275,-4.765874336269753,low,GNB,-3.610263513809084,1.1517982932698552,2008
321,3.970291913552122,-4.702060516696143,medium,CMR,-3.600046241927713,1.0986537695318381,2008
322,4.04305126783455,-4.345923151905607,medium,SEN,-3.56101885563005,0.7839423911204534,2008
323,4.0943445622221,-4.563609668827112,medium,ZMB,-3.5335056904128934,1.0273671189317348,2008
324,4.127134385045092,-4.244114331286389,medium,MRT,-3.515917604544841,0.7263389619416735,2008
325,4.189654742026425,-4.263240029985512,medium,SDN,-3.4823824403792005,0.7787817200389949,2008
326,4.189654742026425,-5.016001496907713,medium,NGA,-3.4823824403792005,1.5321986755097667,2008
327,4.189654742026425,-4.124199178311592,medium,KEN,-3.4823824403792005,0.6399167025248068,2008
328,4.219507705176107,-4.406748905361033,high,GHA,-3.4663696902692416,0.9386948140429251,2008
329,4.499809670330265,-4.374507096174699,medium,COM,-3.3160198751188963,1.0536598619318278,2008
330,4.574710978503383,-4.304472969470794,medium,DJI,-3.2758441103722964,1.022227905025254,2008
331,4.653960350157523,-4.5872525292181905,medium,LSO,-3.2333362063512023,1.3490649927775513,2008
332,4.736198448394496,-4.712093076502443,medium,AGO,-3.189227965300806,1.5201929980378848,2008
333,4.736198448394496,-4.337695469376359,medium,ZWE,-3.189227965300806,1.1462271210875326,2008
334,5.017279836814924,-3.516264376661608,high,MAR,-3.039226932616611,0.47357023707573054,2008
335,5.087596335232384,-3.391160985105441,high,DZA,-3.0021107317189633,0.38837543871445046,2008
336,5.303304908059076,-2.9821300310814407,high,TUN,-2.8900093635961084,0.09158314472480288,2008
337,5.583496308781699,-2.749040629436694,high,MUS,-2.7500201995955837,0.0,2008
338,5.655991810819852,-4.014329183341796,high,GAB,-2.7151416301285156,1.2927540584572152,2008
339,5.777652323222656,-4.2520846210855545,high,GNQ,-2.658085143767204,1.5817361064464852,2008
340,6.068425588244111,-4.028527891265617,high,NAM,-2.530439775397377,1.491804188711081,2008
341,6.152732694704104,-2.616837355746895,high,SYC,-2.4960615995554436,0.12041389408731212,2008
342,6.20455776256869,-4.198039461510809,high,ZAF,-2.475579418111933,1.7162617849192257,2008
343,6.248042874508429,-4.039351114914671,high,BWA,-2.4587913089054423,1.5723565535069852,2008
344,1.3862943611198906,-4.845698070331546,low,SOM,-4.8303724200215425,0.015247505372956247,2009
345,2.6390573296152584,-4.286073178011357,medium,ERI,-4.21049521514268,0.07505646325375565,2009
346,3.044522437723423,-4.40628864237215,medium,MDG,-4.009868424681898,0.39498697206820005,2009
347,3.044522437723423,-4.532998338335124,low,ETH,-4.009868424681898,0.5215640534029988,2009
348,3.2188758248682006,-5.089689531855873,low,CAF,-3.9235972461823976,1.1614913147071928,2009
349,3.295836866004329,-4.708092122727778,low,MOZ,-3.885516430049568,0.820131821290641,2009
350,3.332204510175204,-4.9912476015027645,low,NER,-3.867521487290878,1.1195869437161559,2009
351,3.332204510175204,-4.953973072426726,low,BFA,-3.867521487290878,1.0829407460398643,2009
352,3.367295829986474,-4.638187331358451,low,BDI,-3.8501580783069174,0.7855130904997188,2009
353,3.4011973816621555,-4.913249216439506,low,GIN,-3.833383374492608,1.077142841434291,2009
354,3.4657359027997265,-4.565763345914269,medium,TGO,-3.8014493037738974,0.7617222075694766,2009
355,3.5263605246161616,-4.597870397242625,low,MWI,-3.771451856321065,0.8245025431808596,2009
356,3.58351893845611,-5.021723775689943,low,TCD,-3.7431695114442074,1.274789570832645,2009
357,3.6109179126442243,-4.747669517423232,low,BEN,-3.7296123259342018,1.0161719007927292,2009
358,3.6888794541139363,-4.5222048164963375,low,LBR,-3.6910364638059576,0.829022433892127,2009
359,3.713572066704308,-5.04559555980307,low,MLI,-3.6788184037875125,1.3640992076075111,2009
360,3.7612001156935624,-4.511905684356651,medium,UGA,-3.655251746037792,0.8551056418595069,2009
361,3.8501476017100584,-4.715370930814489,low,GNB,-3.611239972967224,1.100544470286727,2009
362,3.8501476017100584,-5.071002791094232,low,SLE,-3.611239972967224,1.4568298049168256,2009
363,3.8918202981106265,-4.473774522498174,medium,ZMB,-3.590620062557842,0.8805614241650459,2009
364,3.8918202981106265,-4.339267413378437,medium,RWA,-3.590620062557842,0.7463667382418555,2009
365,3.912023005428146,-4.669694750778273,medium,CMR,-3.580623636985565,1.0851991657396673,2009
366,4.02535169073515,-4.208570657236532,medium,MRT,-3.524547898761161,0.6822218309523347,2009
367,4.07753744390572,-4.300972044386435,medium,SEN,-3.49872606473494,0.8011224770098895,2009
368,4.204692619390966,-4.226310396666355,medium,SDN,-3.4358088990936393,0.7883067805333174,2009
369,4.219507705176107,-4.988879960309116,medium,NGA,-3.428478303492162,1.5585301072444908,2009
370,4.276666119016055,-4.374618512169022,high,GHA,-3.4001959691960817,0.9725297571729279,2009
371,4.290459441148391,-4.090143851578451,medium,KEN,-3.3933709488048596,0.6943094798882709,2009
372,4.382026634673881,-4.3443661996533525,medium,COM,-3.3480629411456837,0.9913949189038421,2009
373,4.430816798843313,-4.269389570142082,medium,DJI,-3.3239212703030656,0.9392100715493029,2009
374,4.624972813284271,-4.64761401662087,medium,AGO,-3.2278516965314816,1.4168142129696168,2009
375,4.653960350157523,-4.497565186693652,high,LSO,-3.2135084883312914,1.2788987189792727,2009
376,5.003946305945459,-4.3130875117424505,medium,ZWE,-3.0403334333964898,1.2701129758919367,2009
377,5.087596335232384,-3.4667190443576477,high,MAR,-2.9989429984899316,0.46433984316387117,2009
378,5.204006687076795,-3.354190431620929,high,DZA,-2.9413426890469365,0.41208122274770936,2009
379,5.351858133476067,-2.9515206344239435,high,TUN,-2.8681853924757723,0.08282215325974511,2009
380,5.66988092298052,-2.7101652295185663,high,MUS,-2.7108278504388115,0.0,2009
381,5.673323267171493,-3.9787613614038166,high,GAB,-2.7091245890292495,1.263029282863177,2009
382,5.932245187448011,-4.160444738341531,high,GNQ,-2.5810114890229787,1.5671699443218226,2009
383,6.082218910376446,-2.616226828646978,high,SYC,-2.5068060289069605,0.10906360177129919,2009
384,6.133398042996649,-3.9774245290719077,high,NAM,-2.4814832491549716,1.4893718585257871,2009
385,6.22455842927536,-3.996861897613979,high,BWA,-2.4363784326580005,1.5514143996383218,2009
386,6.261491684321042,-4.080447240237524,high,ZAF,-2.418104468742666,1.6559695204320535,2009
387,1.6094379124341003,-4.823252181212251,low,SOM,-4.83699620913266,0.0,2010
388,3.091042453358316,-4.2545582533651505,medium,ERI,-4.058776953492041,0.19433088943568866,2010
389,3.1780538303479458,-4.379261164283178,medium,MDG,-4.013074102951809,0.3645382103680291,2010
390,3.1780538303479458,-4.478010905409673,low,ETH,-4.013074102951809,0.46331314214663816,2010
391,3.258096538021482,-4.971534491086799,low,NER,-3.971031564347918,0.996033786987279,2010
392,3.295836866004329,-5.0655759338255555,low,CAF,-3.951208409618339,1.1093548224028944,2010
393,3.332204510175204,-4.5418912765398565,medium,MWI,-3.932106260444561,0.6081788009889384,2010
394,3.332204510175204,-4.669424419844862,low,MOZ,-3.932106260444561,0.7347406377605675,2010
395,3.4339872044851463,-4.9320513752061075,low,BFA,-3.8786447856418587,1.049315632584645,2010
396,3.4965075614664802,-4.883799530870318,low,GIN,-3.845805904182469,1.0346484193686274,2010
397,3.4965075614664802,-4.590827438782772,low,BDI,-3.845805904182469,0.7421486436914646,2010
398,3.5263605246161616,-4.726761135661867,low,BEN,-3.830125606499422,0.8947345451188692,2010
399,3.5553480614894135,-4.529953490196638,medium,TGO,-3.8148998758916357,0.7121522613331743,2010
400,3.5553480614894135,-4.486194998751315,low,LBR,-3.8148998758916357,0.6691429707470112,2010
401,3.6635616461296463,-4.9919592032195785,low,TCD,-3.7580605998324486,1.2294400628161435,2010
402,3.713572066704308,-5.020196539364454,low,MLI,-3.7317925896437396,1.2853049026349443,2010
403,3.784189633918261,-4.396098152352823,medium,ZMB,-3.694700666133734,0.6988675160905214,2010
404,3.8066624897703196,-4.477218796150681,medium,UGA,-3.68289678524062,0.792579165152155,2010
405,3.871201010907891,-4.627857863208832,medium,CMR,-3.6489978924081248,0.9747336208873908,2010
406,3.9889840465642745,-5.032321362289841,low,SLE,-3.5871323042789833,1.4416642730219809,2010
407,3.9889840465642745,-4.171603629931552,medium,MRT,-3.5871323042789833,0.5827026204146208,2010
408,4.007333185232471,-4.662876360335413,low,GNB,-3.577494413318415,1.0809331949818797,2010
409,4.02535169073515,-4.290643040731313,medium,RWA,-3.5680301879843603,0.7199853365032867,2010
410,4.060443010546419,-4.260624061073683,medium,SEN,-3.549598463180769,0.7097576164486653,2010
411,4.143134726391533,-4.190012965735439,medium,SDN,-3.506164624817287,0.6815343769333254,2010
412,4.219507705176107,-4.959264565131779,high,NGA,-3.46604971272812,1.4910869376424165,2010
413,4.343805421853684,-4.337306740704491,high,GHA,-3.4007623466598025,0.9344639911572545,2010
414,4.343805421853684,-4.234099040801289,medium,DJI,-3.4007623466598025,0.8268775588789681,2010
415,4.382026634673881,-4.053349392985748,high,KEN,-3.380686662047742,0.6698687332788861,2010
416,4.51085950651685,-4.582015769517262,medium,AGO,-3.3130172368106328,1.2657994568599422,2010
417,4.61512051684126,-4.313184961577306,medium,COM,-3.2582541920053414,1.0486335020314197,2010
418,4.836281906951478,-4.446786881228555,high,LSO,-3.1420893395086806,1.298582543223955,2010
419,5.043425116919247,-4.288468817335207,medium,ZWE,-3.0332878010687763,1.2519428005047877,2010
420,5.111987788356544,-3.4127686752727757,high,MAR,-2.9972755368618547,0.4122344425061309,2010
421,5.220355825078324,-3.316985609392281,high,DZA,-2.940355867952382,0.37579135228405025,2010
422,5.389071729816501,-2.9359653900248737,high,TUN,-2.85173947011407,0.0836328061179476,2010
423,5.6240175061873385,-3.9409404564168686,high,GAB,-2.72833817290948,1.2052342062635957,2010
424,5.7430031878094825,-2.6605938869591785,high,MUS,-2.6658439006719807,0.0,2010
425,5.7430031878094825,-4.124193516540217,high,GNQ,-2.6658439006719807,1.4469972046751298,2010
426,6.030685260261263,-3.9674038225009243,high,BWA,-2.514749317976534,1.4430177974519094,2010
427,6.180016653652572,-3.9263910686665353,high,NAM,-2.4363205571480933,1.4822710050617465,2010
428,6.293419278846481,-3.9747863831805703,high,ZAF,-2.3767626841560583,1.5911800263959115,2010
429,6.333279628139691,-2.6156206084201825,high,SYC,-2.355828691077876,0.2588521707395287,2010
430,1.6094379124341003,-4.798530548688017,low,SOM,-4.779903115894817,0.01850478690936628,2011
431,2.772588722239781,-4.218784193504648,medium,ERI,-4.198927762839781,0.019694161171265104,2011
432,3.044522437723423,-4.346186429160558,medium,MDG,-4.0631015065900495,0.2816263665704077,2011
433,3.258096538021482,-4.420159953944054,low,ETH,-3.956424918116093,0.461823569242601,2011
434,3.258096538021482,-5.034857083671742,low,CAF,-3.956424918116093,1.0728084624342638,2011
435,3.295836866004329,-4.952935995180815,low,NER,-3.9375742755182244,1.0100220709378214,2011
436,3.295836866004329,-4.913484908818626,low,BFA,-3.9375742755182244,0.9713721252738521,2011
437,3.295836866004329,-4.630419599633542,low,MOZ,-3.9375742755182244,0.6897962609445797,2011
438,3.367295829986474,-4.746706830907555,medium,SSD,-3.9018817574578812,0.8401035551499826,2011
439,3.4339872044851463,-4.851695239055054,low,GIN,-3.868570569632192,0.9797236319861067,2011
440,3.5263605246161616,-4.541850037000316,low,BDI,-3.8224316969015004,0.7160365481828729,2011
441,3.5553480614894135,-4.705726679789117,low,BEN,-3.8079529251776663,0.8955120251027234,2011
442,3.58351893845611,-4.48427141897799,medium,MWI,-3.7938820612018795,0.6881894914426603,2011
443,3.58351893845611,-4.993426284863046,low,MLI,-3.7938820612018795,1.1962202613711062,2011
444,3.58351893845611,-4.96533336993742,low,TCD,-3.7938820612018795,1.1666371399193693,2011
445,3.6109179126442243,-4.449719826943576,low,LBR,-3.7801967495420734,0.666902830705932,2011
446,3.713572066704308,-4.492272492590731,medium,TGO,-3.728922785252785,0.7598481412614873,2011
447,3.7612001156935624,-4.418135684697886,medium,UGA,-3.705133404597557,0.7110941668424899,2011
448,3.8501476017100584,-4.609707835268019,low,GNB,-3.660705687320825,0.9444509144741917,2011
449,3.970291913552122,-4.135000943029162,medium,MRT,-3.600695704620669,0.5323026513327016,2011
450,3.9889840465642745,-4.331040372094609,medium,ZMB,-3.591359311560127,0.736449871847217,2011
451,3.9889840465642745,-4.591821770981013,medium,CMR,-3.591359311560127,0.9956355801922068,2011
452,4.060443010546419,-4.991175609988338,low,SLE,-3.555666811837707,1.4316388823698565,2011
453,4.07753744390572,-4.228484455089459,medium,RWA,-3.547128442358057,0.6782983084924251,2011
454,4.127134385045092,-4.218281556704392,medium,SEN,-3.522355641255345,0.694394253917309,2011
455,4.189654742026425,-4.149382501666686,medium,SDN,-3.4911278222557627,0.6555246898343524,2011
456,4.23410650459726,-4.929824233537451,high,NGA,-3.4689249493879064,1.4581916474791032,2011
457,4.3694478524670215,-4.1952717702778966,medium,DJI,-3.4013243334910443,0.7874871132055602,2011
458,4.394449154672439,-4.2919617094383895,high,GHA,-3.3888366248468507,0.9005728705719752,2011
459,4.406719247264253,-4.018084239525454,high,KEN,-3.3827079305178884,0.6322038009583416,2011
460,4.465908118654584,-4.5149321142682055,medium,AGO,-3.3531441364937606,1.1582775490732504,2011
461,4.553876891600541,-4.279282678946614,medium,COM,-3.3092052934532594,0.963820868465638,2011
462,4.976733742420574,-4.4407249199419185,high,LSO,-3.097995848241445,1.3352039253570498,2011
463,5.043425116919247,-4.2373603500234065,medium,ZWE,-3.0646847261370547,1.1690929079226382,2011
464,5.170483995038151,-3.350933627291796,high,MAR,-3.00122120078951,0.346460912439245,2011
465,5.332718793265369,-3.2835259147817446,high,DZA,-2.920188130060485,0.3624562187200299,2011
466,5.4680601411351315,-2.901680626465031,high,TUN,-2.8525880000384665,0.04871717359149318,2011
467,5.605802066295998,-3.8856673051738118,high,GAB,-2.783789063663601,1.0941166500186206,2011
468,5.676753802268282,-4.147068929636007,high,GNQ,-2.748350403134,1.386597479302812,2011
469,5.793013608384144,-2.689434668929723,high,MUS,-2.690281644890519,0.0,2011
470,6.0330862217988015,-3.9345752607946465,high,BWA,-2.5703724082752446,1.3542048537693654,2011
471,6.2166061010848646,-3.882600971233426,high,NAM,-2.478710466265116,1.395279472447619,2011
472,6.329720905522696,-3.923366859925572,high,ZAF,-2.422213891961828,1.4938208252375689,2011
473,6.416732282512326,-2.6119994738269483,high,SYC,-2.378755235292309,0.23222013147639906,2011
474,1.9459101490553132,-4.772375220027058,low,SOM,-4.721910987351645,0.050058185410225456,2012
475,2.8903717578961645,-4.1796673824574,medium,ERI,-4.227117865246031,0.0,2012
476,3.044522437723423,-4.311137081694666,medium,MDG,-4.146539069694776,0.16340593043808108,2012
477,3.1780538303479458,-4.93652644399343,low,NER,-4.076754133733924,0.8543578376634067,2012
478,3.2188758248682006,-5.003947097891454,low,CAF,-4.0554217747940555,0.9422926084530638,2012
479,3.258096538021482,-4.362476010622217,low,ETH,-4.034926600575497,0.32570952001455095,2012
480,3.367295829986474,-4.9727968997666,low,MLI,-3.9778653105912714,0.9911704114552614,2012
481,3.4011973816621555,-4.490138970598893,low,BDI,-3.9601508708333246,0.526562224232609,2012
482,3.4339872044851463,-4.894638674348389,low,BFA,-3.943017595309086,0.9461604264548644,2012
483,3.4339872044851463,-4.683356439208226,low,BEN,-3.943017595309086,0.7378768002786037,2012
484,3.4339872044851463,-4.724707903511657,medium,SSD,-3.943017595309086,0.7759242434654281,2012
485,3.4657359027997265,-4.58922574630493,low,MOZ,-3.9264285676799346,0.6587286853611124,2012
486,3.4965075614664802,-4.822260211631978,low,GIN,-3.910350280829106,0.9077842968273333,2012
487,3.6109179126442243,-4.430960728961067,medium,MWI,-3.850572490133748,0.577846592551617,2012
488,3.6109179126442243,-4.937128177290235,low,TCD,-3.850572490133748,1.0806392623458376,2012
489,3.6375861597263857,-4.454876714226613,medium,TGO,-3.836639156735621,0.6145364002669236,2012
490,3.6635616461296463,-4.560957177640472,low,GNB,-3.8230679330978043,0.7331444561346957,2012
491,3.713572066704308,-4.415197534071519,medium,LBR,-3.796939808319845,0.6149800470938609,2012
492,3.8918202981106265,-4.358421103496344,medium,UGA,-3.7038182934647175,0.6521672579083243,2012
493,3.9318256327243257,-4.554935804438607,medium,CMR,-3.6829195280026874,0.866490945810584,2012
494,4.007333185232471,-4.270641856754053,medium,ZMB,-3.643475492088017,0.6234096234878225,2012
495,4.007333185232471,-4.0981240609103144,high,MRT,-3.643475492088017,0.4522613482973424,2012
496,4.02535169073515,-4.190175833507402,medium,RWA,-3.634063096861754,0.5526687999222404,2012
497,4.07753744390572,-4.111876820061257,medium,SDN,-3.6068030788517396,0.5023227247732185,2012
498,4.07753744390572,-4.944608505148458,low,SLE,-3.6068030788517396,1.3327897286651174,2012
499,4.1588830833596715,-4.178662977554319,medium,SEN,-3.5643122989403815,0.6125877673810155,2012
500,4.23410650459726,-4.902685659189656,high,NGA,-3.5250209181444254,1.3740145139228892,2012
501,4.406719247264253,-4.1571621502784275,medium,DJI,-3.4348656344796185,0.714812331170159,2012
502,4.465908118654584,-3.9857692178689987,high,KEN,-3.403953143575736,0.578206261281556,2012
503,4.465908118654584,-4.450156562265161,medium,AGO,-3.403953143575736,1.0415142160970587,2012
504,4.48863636973214,-4.248145252238642,high,GHA,-3.392083128010764,0.8526459640821427,2012
505,4.624972813284271,-4.239778216077264,medium,COM,-3.3208830775925606,0.9112333801229419,2012
506,4.955827057601261,-4.42921322809643,high,LSO,-3.1481601148093024,1.272061399871113,2012
507,5.117993812416755,-4.172248646207829,medium,ZWE,-3.0639531128154287,1.1036085599957501,2012
508,5.187385805840755,-3.304623887545566,high,MAR,-3.0281852860448524,0.2731857962491966,2012
509,5.438079308923196,-3.247788981832479,high,DZA,-2.901111198618082,0.3455950727597778,2012
510,5.5134287461649825,-2.82411430839551,high,TUN,-2.8637804784898666,0.0,2012
511,5.627621113690637,-3.8042365050030367,high,GAB,-2.8081686452946424,0.9871324378243049,2012
512,5.765191102784844,-4.126585024496795,high,GNQ,-2.742953722486674,1.367878052742823,2012
513,5.840641657373398,-2.7273787291029725,high,MUS,-2.708125122566307,0.019209736590743168,2012
514,6.035481432524756,-3.887391894946481,high,BWA,-2.6217176772050497,1.2527686889842236,2012
515,6.234410725718371,-3.8132449113542126,high,NAM,-2.539531754535419,1.2640823156339107,2012
516,6.3578422665081,-3.882735441198246,high,ZAF,-2.4920401180757508,1.3818631634706713,2012
517,6.440946540632921,-2.6080802413671504,high,SYC,-2.4617238795443845,0.14557589121638756,2012
518,1.6094379124341003,-4.744475798173508,low,SOM,-4.724141391318959,0.020163564715574307,2013
519,2.833213344056216,-4.138548415805171,medium,ERI,-4.143429290116323,0.0,2013
520,3.044522437723423,-4.275651409928431,medium,MDG,-4.043204160113889,0.23073653270692998,2013
521,3.1354942159291497,-4.991268346277987,low,CAF,-4.000057588946614,0.984606957362429,2013
522,3.295836866004329,-4.908804748165252,low,NER,-3.9240111707650445,0.978107440063923,2013
523,3.367295829986474,-4.960009285795745,low,MLI,-3.890120564664642,1.0656305676898716,2013
524,3.4011973816621555,-4.441108643745443,low,BDI,-3.8740423052463018,0.5633300557796517,2013
525,3.4011973816621555,-4.658248846161239,low,BEN,-3.8740423052463018,0.7814194451701006,2013
526,3.4011973816621555,-4.305811364881162,low,ETH,-3.8740423052463018,0.42932290153004987,2013
527,3.4965075614664802,-4.703380157330031,medium,SSD,-3.8288405983261384,0.8679914913132496,2013
528,3.4965075614664802,-4.792798296421547,low,GIN,-3.8288405983261384,0.9594005289234371,2013
529,3.5553480614894135,-4.545193085734313,low,MOZ,-3.8009352655006197,0.7393861958610187,2013
530,3.5553480614894135,-4.875135954905942,low,BFA,-3.8009352655006197,1.067697563832388,2013
531,3.6635616461296463,-4.373246073123747,medium,LBR,-3.7496151645473166,0.6201932322064057,2013
532,3.6635616461296463,-4.382463326809989,medium,MWI,-3.7496151645473166,0.6298693957843143,2013
533,3.713572066704308,-4.908097501914515,low,TCD,-3.7258980786341045,1.175327548795359,2013
534,3.784189633918261,-4.416616389067072,medium,TGO,-3.6924084903769168,0.719627968871975,2013
535,3.828641396489095,-4.31828620830727,medium,UGA,-3.671327916398247,0.6443637669793195,2013
536,3.970291913552122,-4.520564360610488,medium,CMR,-3.604153218817164,0.9100238220170994,2013
537,3.970291913552122,-4.05342929946361,medium,RWA,-3.604153218817164,0.4463170691747539,2013
538,4.007333185232471,-4.89201186540855,low,SLE,-3.586587426389312,1.3000408630269265,2013
539,4.07753744390572,-4.516091466244547,medium,GNB,-3.553295274432786,0.9564171736027967,2013
540,4.07753744390572,-4.061738309215807,high,MRT,-3.553295274432786,0.505670606767361,2013
541,4.0943445622221,-4.069861875512416,high,SDN,-3.5453250810455326,0.5213313671371275,2013
542,4.143134726391533,-4.141929428883663,medium,SEN,-3.5221881498892564,0.6177472287555109,2013
543,4.1588830833596715,-4.21206721087004,high,ZMB,-3.5147201100310888,0.6928065258029316,2013
544,4.276666119016055,-4.876650411994255,high,NGA,-3.4588666922870237,1.413728964563177,2013
545,4.290459441148391,-4.121586945772163,medium,DJI,-3.452325881808769,0.6623397266746232,2013
546,4.477336814478207,-4.211958013129433,high,GHA,-3.3637097586289375,0.8444578319847709,2013
547,4.48863636973214,-4.385470173881322,medium,AGO,-3.358351659400365,1.0221786028167017,2013
548,4.5217885770490405,-3.9511521759299884,high,KEN,-3.342631376577005,0.6045426468242339,2013
549,4.584967478670572,-4.191573415346516,medium,COM,-3.312673107103798,0.8717964963350756,2013
550,5.049856007249537,-4.12688466031808,medium,ZWE,-3.092247372229214,1.0296573537138767,2013
551,5.093750200806762,-4.396444200281874,high,LSO,-3.071440040491672,1.3157947684649955,2013
552,5.204006687076795,-3.2535306301105025,high,MAR,-3.0191843191210945,0.23170255241343674,2013
553,5.402677381872279,-3.2276882015663735,high,DZA,-2.9250727516342736,0.3016440218366704,2013
554,5.575949103146316,-2.7665156307950602,high,TUN,-2.843061967366121,0.0,2013
555,5.7745515455444085,-4.036097744520797,high,GNQ,-2.7491668683082437,1.2725239679746616,2013
556,5.831882477283517,-3.729213345531251,high,GAB,-2.7220866771462973,0.9980622323841282,2013
557,5.966146739123692,-2.685750739307442,high,MUS,-2.6587165131157637,0.02697857302345056,2013
558,6.061456918928017,-3.846435165948595,high,BWA,-2.613777763845639,1.2210175301665518,2013
559,6.257667587882639,-3.7603268973400623,high,NAM,-2.521399092421587,1.229384267309667,2013
560,6.3818160174060985,-3.8473272879358755,high,ZAF,-2.4630520175128527,1.375168343348092,2013
561,6.437751649736401,-2.603742834392005,high,SYC,-2.436792057126804,0.16607874077952672,2013
562,1.3862943611198906,-4.716001908261682,low,SOM,-4.714122830770264,0.0018629581546220559,2014
563,2.8903717578961645,-4.095234166406934,medium,ERI,-4.043503655403794,0.05122943440031716,2014
564,3.044522437723423,-4.2380367132283325,medium,MDG,-3.9747730739291898,0.2613062780527259,2014
565,3.295836866004329,-4.974226795757527,low,CAF,-3.8627204746695165,1.103344553090807,2014
566,3.295836866004329,-4.249449772054895,low,ETH,-3.8627204746695165,0.3843696819442741,2014
567,3.367295829986474,-4.395412838328297,low,BDI,-3.830859343540614,0.5607881902374727,2014
568,3.367295829986474,-4.878908245995988,low,NER,-3.830859343540614,1.040993926440222,2014
569,3.4011973816621555,-4.936390727998622,low,MLI,-3.8157437905946905,1.116022878952318,2014
570,3.4339872044851463,-4.631626198971242,medium,BEN,-3.801123920123978,0.8269531631663278,2014
571,3.4339872044851463,-4.682398996826269,medium,SSD,-3.801123920123978,0.8740399250255539,2014
572,3.5553480614894135,-4.84315432499756,low,BFA,-3.7470132301487227,1.0887748893487477,2014
573,3.6635616461296463,-4.332465037401433,medium,MWI,-3.698764465966715,0.6304203905229359,2014
574,3.6888794541139363,-4.877404572456158,low,TCD,-3.687476115181449,1.183182742191377,2014
575,3.713572066704308,-4.499261408951347,low,MOZ,-3.6764665179394598,0.8173818231535798,2014
576,3.784189633918261,-4.376616702343399,medium,TGO,-3.644980544136918,0.7269915099263723,2014
577,3.828641396489095,-4.290018850952099,medium,UGA,-3.6251610141935173,0.6620625504343897,2014
578,3.9512437185814275,-4.480476210957601,high,CMR,-3.5704968087261557,0.9033786902163532,2014
579,4.007333185232471,-4.767856340502984,low,GIN,-3.545488424495746,1.2164186413087918,2014
580,4.02535169073515,-4.15888880209332,high,ZMB,-3.5374545862991877,0.6172441701150357,2014
581,4.060443010546419,-4.015201385959958,medium,RWA,-3.5218085616463832,0.4899736675689769,2014
582,4.07753744390572,-4.023353105608021,high,SDN,-3.514186735983717,0.5059498707222934,2014
583,4.0943445622221,-4.4798663738073,medium,GNB,-3.5066930143847737,0.9663308501022907,2014
584,4.143134726391533,-4.109975116157985,medium,SEN,-3.4849391423969713,0.6226190174059103,2014
585,4.204692619390966,-4.02095274382546,high,MRT,-3.4574925759540753,0.5601487897318944,2014
586,4.2626798770413155,-4.080764671478332,medium,DJI,-3.431638034989539,0.6426941974009565,2014
587,4.290459441148391,-4.84643222566367,high,NGA,-3.4192520748694943,1.4223821518530724,2014
588,4.3694478524670215,-4.33651194091452,medium,LBR,-3.384033837497772,0.9465839735418455,2014
589,4.394449154672439,-4.178652484000911,high,GHA,-3.3728866102676283,0.8018040479246167,2014
590,4.477336814478207,-4.322251537065803,medium,AGO,-3.3359298332878473,0.9807947574223345,2014
591,4.499809670330265,-4.144394028375937,medium,COM,-3.3259099545922894,0.812002257023161,2014
592,4.51085950651685,-3.916485513610918,high,KEN,-3.320983210174422,0.5916352049640137,2014
593,4.6913478822291435,-4.841758580969644,medium,SLE,-3.2405096146378085,1.594068304949839,2014
594,4.718498871295094,-4.374746473492591,high,LSO,-3.228403917685,1.1381159773755156,2014
595,5.017279836814924,-4.094273859722738,high,ZWE,-3.095187735126268,0.993866729250271,2014
596,5.198497031265826,-3.2010918634942613,high,MAR,-3.014389276938478,0.18468949562520534,2014
597,5.5134287461649825,-3.214407617279952,high,DZA,-2.8739724437059686,0.339339365552147,2014
598,5.54907608489522,-2.710807064127437,high,TUN,-2.8580785969287663,0.0,2014
599,5.700443573390687,-3.670923837542799,high,GAB,-2.79058945085166,0.87284746162118,2014
600,5.8944028342648505,-3.9757836178231534,high,GNQ,-2.70411046063779,1.257075872705972,2014
601,6.068425588244111,-2.7323967375549802,high,MUS,-2.626520672531119,0.10564666287996836,2014
602,6.082218910376446,-3.81559591210808,high,BWA,-2.6203707942468597,1.1844354155189831,2014
603,6.302618975744905,-3.7319302031147297,high,NAM,-2.5221036955224,1.2001470207350342,2014
604,6.3080984415095305,-2.581319933071117,high,SYC,-2.5196606397502803,0.0613573753084967,2014
605,6.400257445308821,-3.8294188333371735,high,ZAF,-2.4785709979574406,1.342788980209543,2014
606,1.6094379124341003,-4.686024637954218,low,SOM,-4.580866188316934,0.10428389626622032,2015
607,2.6390573296152584,-4.050289726168543,medium,ERI,-4.112224474645892,0.0,2015
608,3.091042453358316,-4.948650884437237,low,CAF,-3.906957506981212,1.0339369128515241,2015
609,3.091042453358316,-4.200860600007012,medium,MDG,-3.906957506981212,0.2916297744038536,2015
610,3.258096538021482,-4.355939543687798,low,BDI,-3.8311148856326422,0.5214008723878063,2015
611,3.295836866004329,-4.193039567641441,low,ETH,-3.81398131784815,0.37663078997195765,2015
612,3.367295829986474,-4.849366155832976,low,NER,-3.7815404322663118,1.0601697346824834,2015
613,3.367295829986474,-4.91009466263061,low,MLI,-3.7815404322663118,1.1232820656609481,2015
614,3.4965075614664802,-4.606404603780852,medium,BEN,-3.722882526654228,0.8799317726149856,2015
615,3.5263605246161616,-4.659934668325887,medium,SSD,-3.709330539765406,0.9430008719082598,2015
616,3.58351893845611,-4.453157507339957,low,MOZ,-3.6833833277334205,0.7645722111621527,2015
617,3.6109179126442243,-4.844098680976138,low,TCD,-3.6709456309402477,1.1665785545894278,2015
618,3.6375861597263857,-4.814171039145269,low,BFA,-3.6588397329840596,1.1475541617567446,2015
619,3.713572066704308,-4.290468523298929,medium,MWI,-3.6243468385992803,0.662347896118869,2015
620,3.784189633918261,-4.261414513426059,medium,UGA,-3.592291468228465,0.6660241416355513,2015
621,3.828641396489095,-4.335523572466707,medium,TGO,-3.572113831660174,0.758554419765806,2015
622,3.871201010907891,-4.008415835318944,medium,RWA,-3.552795310516083,0.4522819501927355,2015
623,3.8918202981106265,-4.124715251622533,high,ZMB,-3.543435951323219,0.5771985504125665,2015
624,3.9889840465642745,-4.438774693496392,high,CMR,-3.499332786832378,0.9325032806321965,2015
625,4.04305126783455,-4.749906198011967,low,GIN,-3.474791883596432,1.2680639739851733,2015
626,4.110873864173311,-3.969625427348583,high,SDN,-3.4440079857237413,0.5222967416025132,2015
627,4.1588830833596715,-4.084031346700922,medium,SEN,-3.42221750165878,0.6587454794960392,2015
628,4.174387269895637,-4.442311634119285,medium,GNB,-3.4151805042865764,1.0194046300742323,2015
629,4.276666119016055,-3.979034491266361,high,MRT,-3.3687592254268277,0.6067547475835579,2015
630,4.30406509320417,-4.812393081555072,high,NGA,-3.3563238848246293,1.4506982826085135,2015
631,4.343805421853684,-4.156382991984054,high,GHA,-3.3382874484080354,0.8137924988735742,2015
632,4.382026634673881,-4.256901156010567,medium,AGO,-3.3209406644602666,0.9307088338256504,2015
633,4.406719247264253,-4.035703956360412,medium,DJI,-3.309733966047279,0.718837404445954,2015
634,4.48863636973214,-4.098002297876752,medium,COM,-3.2725565879142358,0.8186960775726755,2015
635,4.499809670330265,-3.876570196001663,high,KEN,-3.2674857491964286,0.6050503747476448,2015
636,4.718498871295094,-4.8031603137548675,medium,SLE,-3.1682401341927635,1.62677716006619,2015
637,4.770684624465665,-4.3399896184594615,high,LSO,-3.144558103318703,1.186735251207305,2015
638,4.77912349311153,-4.303751679230276,medium,LBR,-3.1407285565122143,1.1553922287350715,2015
639,5.0106352940962555,-4.060874038330251,high,ZWE,-3.035767666857626,1.018996733829856,2015
640,5.159055299214529,-3.1459170567418893,high,MAR,-2.9688434036271985,0.17531773414717006,2015
641,5.545177444479562,-2.6564044235471345,high,TUN,-2.7980810618529373,0.0,2015
642,5.598421958998375,-3.1875998302954716,high,DZA,-2.775087521755158,0.4109779926015621,2015
643,5.720311776607412,-3.6152402067069898,high,GAB,-2.723107266724121,0.884404044369506,2015
644,6.040254711277414,-3.9201528881915286,high,GNQ,-2.591910902800082,1.313436064710003,2015
645,6.054439346269371,-3.792957177345263,high,BWA,-2.586297616689436,1.1953240125420763,2015
646,6.169610732491456,-2.691892702245884,high,MUS,-2.5414449289053183,0.1501627094610343,2015
647,6.331501849893691,-2.5584680916688756,high,SYC,-2.480743608673425,0.07735163255488452,2015
648,6.333279628139691,-3.6982228433895807,high,NAM,-2.480093277796008,1.2074788909573106,2015
649,6.419994928147142,-3.7666795181718724,high,ZAF,-2.448824839389883,1.3100834055960282,2015
650,1.791759469228055,-4.656621558380656,low,SOM,-4.539652859503256,0.11580717862132728,2016
651,2.70805020110221,-4.006051036358052,medium,ERI,-4.098170968349826,0.0,2016
652,3.1354942159291497,-4.162221208739469,medium,MDG,-3.8922384895809548,0.2676525805015093,2016
653,3.258096538021482,-4.13567338828155,low,ETH,-3.833172185299357,0.3001384271890214,2016
654,3.332204510175204,-4.820323371182784,low,NER,-3.797469106049156,1.0143199777066212,2016
655,3.332204510175204,-4.6322036955643116,medium,SSD,-3.797469106049156,0.8275536595160795,2016
656,3.367295829986474,-4.3160050810537305,low,BDI,-3.7805631286101424,0.5313053386686614,2016
657,3.4339872044851463,-4.8783639377686585,low,MLI,-3.7484331750371056,1.1233459971209867,2016
658,3.4339872044851463,-4.919171722599078,low,CAF,-3.7484331750371056,1.1608750735148914,2016
659,3.4657359027997265,-4.577979455948992,medium,BEN,-3.7331375860547626,0.8405074651542984,2016
660,3.6109179126442243,-4.814446128966369,low,TCD,-3.663193207946007,1.142982535797659,2016
661,3.6375861597263857,-4.405149833451573,low,MOZ,-3.6503452468955984,0.7487989137381433,2016
662,3.713572066704308,-4.784388240229485,low,BFA,-3.613737531170024,1.1614926676908581,2016
663,3.7612001156935624,-4.260281665601567,medium,MWI,-3.590791785641926,0.6651776460810869,2016
664,3.784189633918261,-4.278512094709597,medium,UGA,-3.5797161378267317,0.6948845019102369,2016
665,3.8501476017100584,-3.995274663523952,medium,RWA,-3.547939613781829,0.44361187032861615,2016
666,3.9318256327243257,-4.720488996823806,low,GIN,-3.50858966783792,1.2039240720062503,2016
667,3.9512437185814275,-4.397152140288507,high,CMR,-3.499234639023073,0.8907896937946219,2016
668,3.970291913552122,-4.087529760788017,high,ZMB,-3.4900578134721227,0.5925525991345721,2016
669,3.970291913552122,-4.293506178688013,medium,TGO,-3.4900578134721227,0.796652417237211,2016
670,4.007333185232471,-3.9156812458994685,high,SDN,-3.472212489271129,0.4402816287877516,2016
671,4.007333185232471,-4.271446688120751,medium,LBR,-3.472212489271129,0.7933689488071555,2016
672,4.1588830833596715,-4.056651261979586,medium,SEN,-3.3992005502596454,0.653734085246019,2016
673,4.23410650459726,-3.9252354553252222,high,MRT,-3.362960322042837,0.5584565325838993,2016
674,4.23410650459726,-4.402333730292753,medium,GNB,-3.362960322042837,1.0306272643511496,2016
675,4.248495242049359,-4.762859110267834,medium,SLE,-3.356028292999727,1.3989570994094598,2016
676,4.248495242049359,-4.776126426559089,high,NGA,-3.356028292999727,1.413726398250614,2016
677,4.290459441148391,-4.125390316654511,high,GHA,-3.335811301665407,0.7845939797320529,2016
678,4.30406509320417,-3.989994165851596,medium,DJI,-3.3292565408616466,0.6533861571502326,2016
679,4.31748811353631,-4.189922448614062,high,AGO,-3.3227897667995845,0.8615282245697898,2016
680,4.5217885770490405,-3.838210186635462,high,KEN,-3.2243645455376604,0.6091307242876256,2016
681,4.663439094112067,-4.053058241168964,medium,COM,-3.1561221007732025,0.8882483839060986,2016
682,4.875197323201151,-4.280195951266053,high,LSO,-3.05410601035767,1.2159841878149718,2016
683,4.927253685157205,-4.025165476969871,high,ZWE,-3.0290504663314537,0.9889388954613809,2016
684,5.198497031265826,-3.088057229280173,high,MAR,-2.9000493765852573,0.18597459606276293,2016
685,5.54907608489522,-2.6015413226244224,high,TUN,-2.742551445080497,0.0,2016
686,5.560681631015528,-3.1437804423083118,high,DZA,-2.737613117569587,0.4043201882090924,2016
687,5.799092654460526,-3.562464621456447,high,GAB,-2.641382047193172,0.9113477373044419,2016
688,5.953243334287785,-3.8351624792402212,high,GNQ,-2.585351903935218,1.2353495039624915,2016
689,6.077642243349034,-3.7717175893979307,high,BWA,-2.5443360359237213,1.2139652017289129,2016
690,6.238324625039508,-2.614880116326703,high,MUS,-2.497645713039155,0.11693656656497356,2016
691,6.317164686747284,-3.6697612350569973,high,NAM,-2.477580658440898,1.1803340549641272,2016
692,6.421622267806518,-3.6953165912195876,high,ZAF,-2.454120337931587,1.232258132399947,2016
693,6.452048954437226,-2.537306639895205,high,SYC,-2.447988570175393,0.08883954650167018,2016
694,1.6094379124341003,-4.624573527698037,low,SOM,-4.581439461851717,0.04267975117997541,2017
695,2.833213344056216,-3.9585102914365216,medium,ERI,-4.001138177806166,0.0,2017
696,3.091042453358316,-4.117937415827642,medium,MDG,-3.8788793287757897,0.2368501775299182,2017
697,3.295836866004329,-4.076826038374428,medium,ETH,-3.781768794529892,0.2926167960073097,2017
698,3.367295829986474,-4.270310087174121,low,BDI,-3.747883995156836,0.5180324856636275,2017
699,3.4011973816621555,-4.784800090199883,low,NER,-3.7318083738577257,1.0432156969181818,2017
700,3.4657359027997265,-4.844493543432863,low,MLI,-3.7012051493697284,1.1359572128661046,2017
701,3.4965075614664802,-4.78706919518805,low,TCD,-3.686613678475409,1.0918596772687446,2017
702,3.4965075614664802,-4.5973541502059705,medium,SSD,-3.686613678475409,0.9026800041822619,2017
703,3.5263605246161616,-4.888240154018509,low,CAF,-3.6724578398146317,1.2051830354812663,2017
704,3.6109179126442243,-4.543469841414343,medium,BEN,-3.63236196399436,0.9056857237094738,2017
705,3.6375861597263857,-4.352778060056771,low,MOZ,-3.6197162719502187,0.7264662439993456,2017
706,3.713572066704308,-4.184832466858152,medium,UGA,-3.583684869224332,0.5970394765839038,2017
707,3.828641396489095,-4.753044024743287,low,BFA,-3.52912068364832,1.213651315003187,2017
708,3.871201010907891,-4.19603814288412,medium,MWI,-3.508939540728953,0.6815463378314217,2017
709,3.912023005428146,-3.9538207989017082,medium,RWA,-3.489582352083815,0.4600795224651931,2017
710,3.9512437185814275,-4.671687660205696,low,GIN,-3.47098446793334,1.1923096523358798,2017
711,3.9512437185814275,-3.8590953024380115,high,SDN,-3.47098446793334,0.3847294022258429,2017
712,3.9889840465642745,-4.720436314667575,medium,SLE,-3.4530885610332045,1.259513415958851,2017
713,3.9889840465642745,-4.355476105662676,high,CMR,-3.4530885610332045,0.8949184848679003,2017
714,4.02535169073515,-4.248947554026587,medium,TGO,-3.435843560943181,0.8058772844324914,2017
715,4.02535169073515,-4.213881407203589,medium,LBR,-3.435843560943181,0.7712150615629368,2017
716,4.07753744390572,-4.045085478126903,high,ZMB,-3.411097847712764,0.6283798671884915,2017
717,4.143134726391533,-3.9426216939849175,high,DJI,-3.3799925865451557,0.5558555397977749,2017
718,4.204692619390966,-4.358796722440579,medium,GNB,-3.350802745294429,0.9995948799555322,2017
719,4.248495242049359,-4.030850189105538,medium,SEN,-3.3300321909948014,0.6959014897759145,2017
720,4.248495242049359,-4.088757902525598,high,GHA,-3.3300321909948014,0.753433271794472,2017
721,4.276666119016055,-4.729471610710742,high,NGA,-3.3166739790710937,1.4052587009038886,2017
722,4.290459441148391,-3.870258692064915,high,MRT,-3.3101333904369765,0.5558159211506379,2017
723,4.356708826689592,-4.124322985148433,high,AGO,-3.278718915898197,0.8393825190672917,2017
724,4.48863636973214,-3.7931807965457875,high,KEN,-3.2161608387006932,0.5717011575970431,2017
725,4.564348191467836,-4.005714166237324,high,COM,-3.1802594222420204,0.8170221403856527,2017
726,4.875197323201151,-4.0016494085878085,high,ZWE,-3.0328599876920386,0.961236779154001,2017
727,4.948759890378168,-4.230794198877455,high,LSO,-2.9980070693103547,1.222019984278067,2017
728,5.209486152841421,-3.0267052210516976,high,MAR,-2.8757390875273328,0.1493202405101052,2017
729,5.517452896464707,-3.0806816928358676,high,DZA,-2.7371831265674698,0.34171759167837173,2017
730,5.583496308781699,-2.5474082540682508,high,TUN,-2.708761599086335,0.0,2017
731,5.831882477283517,-3.510144398130199,high,GAB,-2.6073941150177853,0.891834512972711,2017
732,5.863631175598097,-3.7446880740585082,high,GNQ,-2.595157680266725,1.1360155875846156,2017
733,6.1224928095143865,-3.753280559560404,high,BWA,-2.5026827336491793,1.2367021219878391,2017
734,6.263398262591624,-3.6390364496526204,high,NAM,-2.45852810416263,1.1680865355961987,2017
735,6.29156913955832,-2.606252885256802,high,MUS,-2.450283499268602,0.15541902709345973,2017
736,6.424869023905388,-3.6599305231131147,high,ZAF,-2.4140993443948897,1.2356152193314531,2017
737,6.464588303689961,-2.503624538641308,high,SYC,-2.4042614438365493,0.09872421014587246,2017
738,1.791759469228055,-4.590414088313864,low,SOM,-4.543328379229043,0.046587733157905625,2018
739,2.9444389791664403,-3.9098143080509002,medium,ERI,-3.9611859123652637,0.0,2018
740,3.091042453358316,-4.072474325894781,medium,MDG,-3.8871620750418137,0.18351981147289467,2018
741,3.258096538021482,-4.018047832382354,medium,ETH,-3.8028137612897224,0.2133271669161565,2018
742,3.367295829986474,-4.224869232935211,low,BDI,-3.7476777370719105,0.4723662716267851,2018
743,3.4011973816621555,-4.808712457254404,low,MLI,-3.73056049451091,1.070399597946972,2018
744,3.4011973816621555,-4.56171427784414,medium,SSD,-3.73056049451091,0.8231682494646461,2018
745,3.5263605246161616,-4.745745076092552,low,NER,-3.667364564952482,1.0677395754049586,2018
746,3.5263605246161616,-4.756874430015851,low,TCD,-3.667364564952482,1.0802828439451944,2018
747,3.5263605246161616,-4.491491189729371,medium,BEN,-3.667364564952482,0.8184528657661161,2018
748,3.58351893845611,-4.8541579675021,low,CAF,-3.6385049207891327,1.20426062450402,2018
749,3.6109179126442243,-4.293926274047657,low,MOZ,-3.6246710333072047,0.6623107270747921,2018
750,3.7376696182833684,-4.119437891262877,medium,UGA,-3.5606736610516583,0.5543850771145954,2018
751,3.784189633918261,-4.135382933331253,medium,MWI,-3.5371856441135563,0.5925624001630099,2018
752,3.871201010907891,-4.720986711552572,low,BFA,-3.4932536309891793,1.2167217688931569,2018
753,3.912023005428146,-3.7966376081383113,high,SDN,-3.472642686590969,0.3206710671549251,2018
754,3.912023005428146,-3.892472534337918,medium,RWA,-3.472642686590969,0.4155824564940922,2018
755,3.9318256327243257,-4.673375152492751,medium,SLE,-3.462644394528605,1.2024709730444347,2018
756,3.9512437185814275,-4.313460868393086,high,CMR,-3.4528402661671858,0.8532126633765627,2018
757,3.970291913552122,-4.6239968568014795,medium,GIN,-3.4432229039620235,1.1718313965625797,2018
758,4.110873864173311,-4.161682333675219,medium,LBR,-3.372243897220624,0.7819453368420228,2018
759,4.110873864173311,-4.198329281906519,medium,TGO,-3.372243897220624,0.8182238488757835,2018
760,4.127134385045092,-3.996258357824517,high,ZMB,-3.3640340887649534,0.6257937729072455,2018
761,4.204692619390966,-3.9578306692188816,medium,SEN,-3.324875646837806,0.6279582237266866,2018
762,4.204692619390966,-4.6851607815345835,high,NGA,-3.324875646837806,1.3507778385098563,2018
763,4.2626798770413155,-4.05838568881406,high,AGO,-3.2955985181047778,0.7565039113417342,2018
764,4.276666119016055,-3.8952865693594787,high,DJI,-3.2885370320829503,0.5991677441187057,2018
765,4.290459441148391,-4.3128210396700295,medium,GNB,-3.2815729542412075,1.0217734133301792,2018
766,4.31748811353631,-4.0138958763172194,high,GHA,-3.2679265268672455,0.7401892855039833,2018
767,4.3694478524670215,-3.8143638469322667,high,MRT,-3.241692783090165,0.5680457171401845,2018
768,4.454347296253507,-3.7464415087022185,high,KEN,-3.1988284067888997,0.5424758961667058,2018
769,4.663439094112067,-3.9740712534078035,high,ZWE,-3.093262168788791,0.8728118688881483,2018
770,4.8283137373023015,-3.9567629595112948,high,COM,-3.0100211874791354,0.9358451299707603,2018
771,5.0238805208462765,-4.188085921161159,high,LSO,-2.911380092865929,1.2650413527006383,2018
772,5.214935757608986,-2.9570881661316695,high,MAR,-2.8163893063696417,0.13909253489117984,2018
773,5.5053315359323625,-3.024344025543233,high,DZA,-2.679318697334192,0.3428567775517961,2018
774,5.602118820879701,-2.484950315501306,high,TUN,-2.636679529726449,0.0,2018
775,5.752572638825633,-3.4575237753952766,high,GAB,-2.574423408964594,0.8725549250134301,2018
776,5.840641657373398,-3.6870715207869424,high,GNQ,-2.5406077419347124,1.132906287458762,2018
777,6.1903154058531475,-3.7352645379186664,high,BWA,-2.4299936388821326,1.2898825120235515,2018
778,6.2166061010848646,-3.592901313773635,high,NAM,-2.423434006450192,1.157109345361313,2018
779,6.35088571671474,-2.562965776079492,high,MUS,-2.3943148091240434,0.16759010215548992,2018
780,6.431331081933479,-3.626647125003431,high,ZAF,-2.380590760001621,1.2350598225420777,2018
781,6.5337888379333435,-2.4713236504436837,high,SYC,-2.3674460383129228,0.10313625668415483,2018
782,1.9459101490553132,-4.554229945059307,low,SOM,-4.3930604087110705,0.15940066778842935,2019
783,2.772588722239781,-3.860400814854911,medium,ERI,-3.977411806649268,0.0,2019
784,2.995732273553991,-4.025831057963176,medium,MDG,-3.865337298118217,0.15873617832914017,2019
785,3.2188758248682006,-3.9586237268971445,medium,ETH,-3.7532838097405254,0.20323842548766022,2019
786,3.4339872044851463,-4.238134656053057,low,MOZ,-3.6452697854428924,0.5866233578396263,2019
787,3.4657359027997265,-4.772548327369976,low,MLI,-3.6293279024767084,1.1337726090256124,2019
788,3.4657359027997265,-4.179677192014941,low,BDI,-3.6293279024767084,0.5446968587836161,2019
789,3.4965075614664802,-4.442776389837284,medium,BEN,-3.6138766446720356,0.8221733515361075,2019
790,3.5263605246161616,-4.726078997978262,low,TCD,-3.598886713663065,1.1166919452983999,2019
791,3.6109179126442243,-4.706199381004859,low,NER,-3.556428440470358,1.1382289572940327,2019
792,3.713572066704308,-4.524368528718489,medium,SSD,-3.504883632552875,1.0101634093048575,2019
793,3.713572066704308,-4.067092662866101,medium,UGA,-3.504883632552875,0.5572087126338247,2019
794,3.7612001156935624,-4.814235883694724,low,CAF,-3.4809686952737886,1.3199645005310519,2019
795,3.784189633918261,-4.078865561566885,medium,MWI,-3.469425251331716,0.6035335173151805,2019
796,3.8066624897703196,-4.626084185677203,medium,SLE,-3.4581412483297695,1.1595941345193672,2019
797,3.8501476017100584,-3.734957634654078,high,SDN,-3.43630667847896,0.2955368311413719,2019
798,3.8918202981106265,-4.68815561805945,low,BFA,-3.4153822065972097,1.2601766372060357,2019
799,3.912023005428146,-4.270870803009693,high,CMR,-3.4052381506320364,0.857591404136129,2019
800,3.9512437185814275,-4.575476448343175,medium,GIN,-3.385544930379484,1.1807440633424098,2019
801,3.9889840465642745,-3.95575096872817,high,ZWE,-3.3665950766789936,0.5835185337543007,2019
802,4.02535169073515,-3.842100716452251,medium,RWA,-3.348334506679137,0.4884421767408273,2019
803,4.07753744390572,-4.146812510600106,medium,TGO,-3.3221315757287373,0.8162177659078279,2019
804,4.0943445622221,-3.8476803051164254,high,DJI,-3.313692591085032,0.5273686303075298,2019
805,4.0943445622221,-4.108611388671927,medium,LBR,-3.313692591085032,0.7867154280631572,2019
806,4.0943445622221,-3.9464953281830195,high,ZMB,-3.313692591085032,0.6260842474256219,2019
807,4.127134385045092,-4.640916292758893,high,NGA,-3.2972285932233696,1.3336875407626392,2019
808,4.219507705176107,-3.9923002825112044,high,AGO,-3.250847500373873,0.735154800713515,2019
809,4.219507705176107,-4.264942667112449,medium,GNB,-3.250847500373873,1.0049249660398765,2019
810,4.2626798770413155,-3.8978546263040625,medium,SEN,-3.2291706420721296,0.6631845733535063,2019
811,4.276666119016055,-3.7562073937039884,high,MRT,-3.222148127750888,0.5287782115548466,2019
812,4.330733340286331,-3.9545842481789495,high,GHA,-3.1950009534874453,0.7532827365024484,2019
813,4.51085950651685,-3.7032436680510514,high,KEN,-3.1045602715891603,0.5930301335985546,2019
814,4.68213122712422,-3.9076040160607017,high,COM,-3.0185664627523443,0.8788601812165175,2019
815,4.882801922586371,-4.165690469813613,high,LSO,-2.9178131274784525,1.2360863128716648,2019
816,5.241747015059643,-2.8866575911326,high,MAR,-2.739685985003915,0.1452493008834221,2019
817,5.5053315359323625,-2.9697189930154884,high,DZA,-2.617235940482464,0.3500775534538914,2019
818,5.631211781821365,-2.424894756881528,high,TUN,-2.5633139872829998,0.0,2019
819,5.723585101952381,-3.6400332421238546,high,GNQ,-2.526164424364705,1.099720905771799,2019
820,5.814130531825066,-3.405387424492788,high,GAB,-2.492024803507405,0.9023190573004966,2019
821,6.186208623900494,-3.5568652528294917,high,NAM,-2.3807425050754665,1.1623662941297808,2019
822,6.220590170099739,-3.7200468162979075,high,BWA,-2.373204658226898,1.3305569799359858,2019
823,6.416732282512326,-2.533507986606861,high,MUS,-2.3406143508898487,0.19127924254009973,2019
824,6.447305862541213,-3.6074912646022006,high,ZAF,-2.337232166939442,1.258019197464231,2019
825,6.543911845564792,-2.440683391411125,high,SYC,-2.329777729409248,0.10998448305963002,2019
